"{""ObjectName"":""ViewEvent"",""Version"":""1.0"",""TimeZone"":""GMT"",""Pattern"":""""}"
id,name,view,action,createdBy,createdDate,lastModifiedBy,lastModifiedDate,systemModifiedDate,deletedDate,isDeleted,owner,installedPackage,custom,protectMode
string,string,string,clob,string,date,string,date,date,date,bool,string,string,bool,numeric
003h000000dd2DWbou4e,button_0_click,003g000000dbeFasZ6Ya,"[{""type"":""$core.execJSCode"",""options"":{""content"":""// 当前组件\r\nlet _component = context.getCurrentComponent()\r\n\r\n// 当前Form\r\nlet  _form = _component.getForm()\r\n\r\n_form.formSave()\r\n""}}]",10gd000000d9AmU2gaYa,2020-09-28 08:58:04,10gd000000d9AmU2gaYa,2020-09-28 08:58:04,NULL,NULL,false,10gd000000d9AmU2gaYa,NULL,true,0
003h000000dd2DWbou4f,button_1_click,003g000000dbeFasZ6Ya,"[{""type"":""$core.execJSCode"",""options"":{""content"":""// 当前组件\r\nlet _component = context.getCurrentComponent()\r\n\r\n// 当前Form\r\nlet  _form = _component.getForm()\r\n\r\n_form.resetFields()\r\n""}}]",10gd000000d9AmU2gaYa,2020-09-28 08:58:04,10gd000000d9AmU2gaYa,2020-09-28 08:58:04,NULL,NULL,false,10gd000000d9AmU2gaYa,NULL,true,0
003h000000den6VmYiY4,button_16_click,003g000000dbeFcEryBk,"[{""type"":""$core.execJSCode"",""options"":{""content"":""// 当前组件\r\nlet _component = context.getCurrentComponent()\r\n\r\n// 当前Form\r\nlet  _form = _component.getForm()\r\n\r\n_form.resetFields()\r\n""}}]",10gd000000d9AmU2gaYa,2020-09-29 10:21:47,10gd000000d9AmU2gaYa,2020-09-29 10:21:47,NULL,NULL,false,10gd000000d9AmU2gaYa,NULL,true,0
003h000000den6VmYiY5,button_21_click,003g000000dbeFcEryBk,"[{""type"":""$core.execJSCode"",""options"":{""content"":""$model.ref(\""showModal\"").setData(false);\r\n// 重置字段取值\r\ncontext.$component.get(\""Detail\"").resetFields();""},""__nodeName"":""自定义JS代码""}]",10gd000000d9AmU2gaYa,2020-09-29 10:21:47,10gd000000d9AmU2gaYa,2020-09-29 10:21:47,NULL,NULL,false,10gd000000d9AmU2gaYa,NULL,true,0
003h000000den6VmYiY6,button_22_click,003g000000dbeFcEryBk,"[{""type"":""$core.execJSCode"",""options"":{""content"":""context.$component.get(\""Detail\"").formValidate().then(function (valid) {\r\n    // 当前组件\r\n    let table = context.$page.getComponentByName(\""Records\"");\r\n\r\n    $model.ref(\""Detail\"").save().then(data=>{\r\n        // 成功消息\r\n        if(data.resCode == 0){\r\n            context.$message.success('Save Successfully.');\r\n            table.doQuery();\r\n            // 关闭弹框\r\n            $model.ref(\""showModal\"").setData(false);\r\n            // 重置字段取值\r\n            context.$component.get(\""Detail\"").resetFields();\r\n        }\r\n        else {\r\n            context.$message.error('Save Failed:' + data.resMsg, 5)\r\n        }\r\n    }).catch(e=>{\r\n        // 失败消息\r\n        context.$message.error('Save Failed:' + e, 5)\r\n    });\r\n});""},""__nodeName"":""自定义JS代码""}]",10gd000000d9AmU2gaYa,2020-09-29 10:21:47,10gd000000d9AmU2gaYa,2020-09-29 10:21:47,NULL,NULL,false,10gd000000d9AmU2gaYa,NULL,true,0
003h000000den6VmYiY7,button_23_click,003g000000dbeFcEryBk,"[{""type"":""$core.execJSCode"",""options"":{""content"":""context.$component.get(\""Detail\"").formValidate().then(function (valid) {\r\n    // 当前组件\r\n    let table = context.$page.getComponentByName(\""Records\"");\r\n\r\n    $model.ref(\""Detail\"").save().then(data=>{\r\n        // 成功消息\r\n        if(data.resCode == 0){\r\n            table.doQuery();\r\n            // 关闭弹框\r\n            $model.ref(\""showModal\"").setData(false);\r\n            // 重置字段取值\r\n            setTimeout(function () {\r\n                context.$component.get(\""Detail\"").resetFields();\r\n            });\r\n            // 提交审批\r\n            context.$approval(data.result[0].id).then(res=>{\r\n                if(res.resCode == 0) {\r\n                    context.$message.success('Save Successfully.');\r\n                }\r\n                else if(res.resCode == \""405230808\"") {\r\n                $model.ref(\""showUserModal\"").setData(true);\r\n                $model.ref(\""recordId\"").setData(data.result[0].id);\r\n                }\r\n                else{\r\n                    context.$message.error('Submit Approval Failed:' + res.resMsg, 5)\r\n                }\r\n            })\r\n        }\r\n        else {\r\n            context.$message.error('Save Failed:' + data.resMsg, 5)\r\n        }\r\n    }).catch(e=>{\r\n        // 失败消息\r\n        context.$message.error('Save Failed:' + e, 5)\r\n    });\r\n});\r\n""},""__nodeName"":""自定义JS代码""}]",10gd000000d9AmU2gaYa,2020-09-29 10:21:47,10gd000000d9AmU2gaYa,2020-09-29 10:21:47,NULL,NULL,false,10gd000000d9AmU2gaYa,NULL,true,0
003h000000den6VmYiY8,modal_1_on-ok,003g000000dbeFcEryBk,"[{""type"":""$core.execJSCode"",""options"":{""content"":"" context.$approval($model.ref(\""recordId\"").getData(),$model.ref(\""approvalUser\"").getData()).then(res=>{\r\n    if(res.resCode == 0) {\r\n        context.$message.success('Save Successfully.');\r\n    }\r\n    else if(res.resCode == \""405230808\"") {\r\n        $model.ref(\""showUserModal\"").setData(true);\r\n    }\r\n    else{\r\n        context.$message.error('Submit Approval Failed:' + res.resMsg, 5)\r\n    }\r\n})""}}]",10gd000000d9AmU2gaYa,2020-09-29 10:21:47,10gd000000d9AmU2gaYa,2020-09-29 10:21:47,NULL,NULL,false,10gd000000d9AmU2gaYa,NULL,true,0
003h000000den6VmYiY9,modal_0_on-ok,003g000000dbeFcEryBk,"[{""type"":""$core.execJSCode"",""options"":{""content"":""// 当前组件\r\nlet table = context.$page.getComponentByName(\""Records\"");\r\n\r\n// 根据组件名称获取组件\r\nlet form = this.$component.get(\""Detail\"");\r\n\r\n// 获取组件的绑定模型，调用save action保存数据\r\nform.getDataModel().save().then(data=>{\r\n    // 成功消息\r\n    if(data.resCode == 0){\r\n        context.$message.success('Save Successfully.');\r\n        // 刷新表格\r\n        table.doQuery();\r\n    }\r\n    else {\r\n        context.$message.error('Save Failed:' + data.resMsg, 5)\r\n    }\r\n}).catch(e=>{\r\n    // 失败消息\r\n    context.$message.error('Save Failed:' + e, 5)\r\n});\r\n\r\n""},""__nodeName"":""自定义JS代码""}]",10gd000000d9AmU2gaYa,2020-09-29 10:21:47,10gd000000d9AmU2gaYa,2020-09-29 10:21:47,NULL,NULL,false,10gd000000d9AmU2gaYa,NULL,true,0
003h000000den6VmYiYA,button_0_click,003g000000dbeFcEryBk,"[{""type"":""$core.execJSCode"",""options"":{""content"":""$model.ref(\""Detail\"").setData({});\r\n\r\n// 展示新增按钮\r\n$model.ref(\""hideSaveNewBtn\"").setData(false);\r\n\r\n// 判断是否显示审批提交按钮\r\ncontext.$object(\""Detail\"").then(objectMeta =>{\r\n    if(objectMeta && objectMeta.aprovalProcesses &&  objectMeta.aprovalProcesses.length > 0) {\r\n        $model.ref(\""hideApprovalBtn\"").setData(false);\r\n    }\r\n    else {\r\n        $model.ref(\""hideApprovalBtn\"").setData(true);\r\n    }\r\n    \r\n    // 显示新增弹框\r\n    $model.ref(\""showModal\"").setData(true);\r\n});""}}]",10gd000000d9AmU2gaYa,2020-09-29 10:21:47,10gd000000d9AmU2gaYa,2020-09-29 10:21:47,NULL,NULL,false,10gd000000d9AmU2gaYa,NULL,true,0
003h000000den6VmYiYB,button_15_click,003g000000dbeFcEryBk,"[{""type"":""$core.execJSCode"",""options"":{""content"":""// 当前组件\r\nlet _component = context.getCurrentComponent()\r\n\r\n// 当前Form\r\nlet  _form = _component.getForm()\r\n\r\n_form.formSave()\r\n""}}]",10gd000000d9AmU2gaYa,2020-09-29 10:21:47,10gd000000d9AmU2gaYa,2020-09-29 10:21:47,NULL,NULL,false,10gd000000d9AmU2gaYa,NULL,true,0
003h000000den6VmYiYC,button_24_click,003g000000dbeFcEryBk,"[{""type"":""$core.execJSCode"",""options"":{""content"":""context.$component.get(\""Detail\"").formValidate().then(function (valid) {\r\n    // 当前组件\r\n    let table = context.$page.getComponentByName(\""Records\"");\r\n\r\n    $model.ref(\""Detail\"").save().then(data=>{\r\n        // 成功消息\r\n        if(data.resCode == 0){\r\n            context.$message.success('Save Successfully.');\r\n            table.doQuery();\r\n            // 清空表单\r\n            $model.ref(\""Detail\"").setData({});\r\n            // 重置字段取值\r\n            setTimeout(function () {\r\n                context.$component.get(\""Detail\"").resetFields();\r\n            });\r\n        }\r\n        else {\r\n            context.$message.error('Save Failed:' + data.resMsg, 5)\r\n        }\r\n    }).catch(e=>{\r\n        // 失败消息\r\n        context.$message.error('Save Failed:' + e, 5)\r\n    });\r\n});""},""__nodeName"":""自定义JS代码""}]",10gd000000d9AmU2gaYa,2020-09-29 10:21:47,10gd000000d9AmU2gaYa,2020-09-29 10:21:47,NULL,NULL,false,10gd000000d9AmU2gaYa,NULL,true,0
003h000000den6VmYiYD,modal_on-cancel_1545208415426026,003g000000dbeFcEryBk,"[{""type"":""$core.execJSCode"",""options"":{""content"":""// 重置字段取值\r\ncontext.$component.get(\""Detail\"").resetFields();""},""__nodeName"":""自定义JS代码""}]",10gd000000d9AmU2gaYa,2020-09-29 10:21:47,10gd000000d9AmU2gaYa,2020-09-29 10:21:47,NULL,NULL,false,10gd000000d9AmU2gaYa,NULL,true,0
003h000000doz6n7v99c,button_0_click,003g000000deb255S1g0,"[{""type"":""$core.execJSCode"",""options"":{""content"":""// 当前组件\r\nlet _component = context.getCurrentComponent()\r\n\r\n// 当前Form\r\nlet  _form = _component.getForm()\r\n\r\n_form.formSave()\r\n""}}]",10gd000000d9AmU2gaYa,2020-10-05 13:45:50,10gd000000d9AmU2gaYa,2020-10-05 13:45:50,NULL,NULL,false,10gd000000d9AmU2gaYa,NULL,true,0
003h000000doz6n7v99d,button_1_click,003g000000deb255S1g0,"[{""type"":""$core.execJSCode"",""options"":{""content"":""// 当前组件\r\nlet _component = context.getCurrentComponent()\r\n\r\n// 当前Form\r\nlet  _form = _component.getForm()\r\n\r\n_form.resetFields()\r\n""}}]",10gd000000d9AmU2gaYa,2020-10-05 13:45:50,10gd000000d9AmU2gaYa,2020-10-05 13:45:50,NULL,NULL,false,10gd000000d9AmU2gaYa,NULL,true,0
003h000000dozYVCV6CO,button_16_click,003g000000deb26JEvPE,"[{""type"":""$core.execJSCode"",""options"":{""content"":""// 当前组件\r\nlet _component = context.getCurrentComponent()\r\n\r\n// 当前Form\r\nlet  _form = _component.getForm()\r\n\r\n_form.resetFields()\r\n""}}]",10gd000000d9AmU2gaYa,2020-10-05 13:52:05,10gd000000d9AmU2gaYa,2020-10-05 13:52:05,NULL,NULL,false,10gd000000d9AmU2gaYa,NULL,true,0
003h000000dozYVCV6CP,button_21_click,003g000000deb26JEvPE,"[{""type"":""$core.execJSCode"",""options"":{""content"":""$model.ref(\""showModal\"").setData(false);\r\n// 重置字段取值\r\ncontext.$component.get(\""Detail\"").resetFields();""},""__nodeName"":""自定义JS代码""}]",10gd000000d9AmU2gaYa,2020-10-05 13:52:05,10gd000000d9AmU2gaYa,2020-10-05 13:52:05,NULL,NULL,false,10gd000000d9AmU2gaYa,NULL,true,0
003h000000dozYVCV6CQ,button_22_click,003g000000deb26JEvPE,"[{""type"":""$core.execJSCode"",""options"":{""content"":""context.$component.get(\""Detail\"").formValidate().then(function (valid) {\r\n    // 当前组件\r\n    let table = context.$page.getComponentByName(\""Records\"");\r\n\r\n    $model.ref(\""Detail\"").save().then(data=>{\r\n        // 成功消息\r\n        if(data.resCode == 0){\r\n            context.$message.success('Save Successfully.');\r\n            table.doQuery();\r\n            // 关闭弹框\r\n            $model.ref(\""showModal\"").setData(false);\r\n            // 重置字段取值\r\n            context.$component.get(\""Detail\"").resetFields();\r\n        }\r\n        else {\r\n            context.$message.error('Save Failed:' + data.resMsg, 5)\r\n        }\r\n    }).catch(e=>{\r\n        // 失败消息\r\n        context.$message.error('Save Failed:' + e, 5)\r\n    });\r\n});""},""__nodeName"":""自定义JS代码""}]",10gd000000d9AmU2gaYa,2020-10-05 13:52:05,10gd000000d9AmU2gaYa,2020-10-05 13:52:05,NULL,NULL,false,10gd000000d9AmU2gaYa,NULL,true,0
003h000000dozYVCV6CR,button_23_click,003g000000deb26JEvPE,"[{""type"":""$core.execJSCode"",""options"":{""content"":""context.$component.get(\""Detail\"").formValidate().then(function (valid) {\r\n    // 当前组件\r\n    let table = context.$page.getComponentByName(\""Records\"");\r\n\r\n    $model.ref(\""Detail\"").save().then(data=>{\r\n        // 成功消息\r\n        if(data.resCode == 0){\r\n            table.doQuery();\r\n            // 关闭弹框\r\n            $model.ref(\""showModal\"").setData(false);\r\n            // 重置字段取值\r\n            setTimeout(function () {\r\n                context.$component.get(\""Detail\"").resetFields();\r\n            });\r\n            // 提交审批\r\n            context.$approval(data.result[0].id).then(res=>{\r\n                if(res.resCode == 0) {\r\n                    context.$message.success('Save Successfully.');\r\n                }\r\n                else if(res.resCode == \""405230808\"") {\r\n                $model.ref(\""showUserModal\"").setData(true);\r\n                $model.ref(\""recordId\"").setData(data.result[0].id);\r\n                }\r\n                else{\r\n                    context.$message.error('Submit Approval Failed:' + res.resMsg, 5)\r\n                }\r\n            })\r\n        }\r\n        else {\r\n            context.$message.error('Save Failed:' + data.resMsg, 5)\r\n        }\r\n    }).catch(e=>{\r\n        // 失败消息\r\n        context.$message.error('Save Failed:' + e, 5)\r\n    });\r\n});\r\n""},""__nodeName"":""自定义JS代码""}]",10gd000000d9AmU2gaYa,2020-10-05 13:52:05,10gd000000d9AmU2gaYa,2020-10-05 13:52:05,NULL,NULL,false,10gd000000d9AmU2gaYa,NULL,true,0
003h000000dozYVCV6CS,modal_1_on-ok,003g000000deb26JEvPE,"[{""type"":""$core.execJSCode"",""options"":{""content"":"" context.$approval($model.ref(\""recordId\"").getData(),$model.ref(\""approvalUser\"").getData()).then(res=>{\r\n    if(res.resCode == 0) {\r\n        context.$message.success('Save Successfully.');\r\n    }\r\n    else if(res.resCode == \""405230808\"") {\r\n        $model.ref(\""showUserModal\"").setData(true);\r\n    }\r\n    else{\r\n        context.$message.error('Submit Approval Failed:' + res.resMsg, 5)\r\n    }\r\n})""}}]",10gd000000d9AmU2gaYa,2020-10-05 13:52:05,10gd000000d9AmU2gaYa,2020-10-05 13:52:05,NULL,NULL,false,10gd000000d9AmU2gaYa,NULL,true,0
003h000000dozYVCV6CT,modal_0_on-ok,003g000000deb26JEvPE,"[{""type"":""$core.execJSCode"",""options"":{""content"":""// 当前组件\r\nlet table = context.$page.getComponentByName(\""Records\"");\r\n\r\n// 根据组件名称获取组件\r\nlet form = this.$component.get(\""Detail\"");\r\n\r\n// 获取组件的绑定模型，调用save action保存数据\r\nform.getDataModel().save().then(data=>{\r\n    // 成功消息\r\n    if(data.resCode == 0){\r\n        context.$message.success('Save Successfully.');\r\n        // 刷新表格\r\n        table.doQuery();\r\n    }\r\n    else {\r\n        context.$message.error('Save Failed:' + data.resMsg, 5)\r\n    }\r\n}).catch(e=>{\r\n    // 失败消息\r\n    context.$message.error('Save Failed:' + e, 5)\r\n});\r\n\r\n""},""__nodeName"":""自定义JS代码""}]",10gd000000d9AmU2gaYa,2020-10-05 13:52:05,10gd000000d9AmU2gaYa,2020-10-05 13:52:05,NULL,NULL,false,10gd000000d9AmU2gaYa,NULL,true,0
003h000000dozYVCV6CU,button_0_click,003g000000deb26JEvPE,"[{""type"":""$core.execJSCode"",""options"":{""content"":""$model.ref(\""Detail\"").setData({});\r\n\r\n// 展示新增按钮\r\n$model.ref(\""hideSaveNewBtn\"").setData(false);\r\n\r\n// 判断是否显示审批提交按钮\r\ncontext.$object(\""Detail\"").then(objectMeta =>{\r\n    if(objectMeta && objectMeta.aprovalProcesses &&  objectMeta.aprovalProcesses.length > 0) {\r\n        $model.ref(\""hideApprovalBtn\"").setData(false);\r\n    }\r\n    else {\r\n        $model.ref(\""hideApprovalBtn\"").setData(true);\r\n    }\r\n    \r\n    // 显示新增弹框\r\n    $model.ref(\""showModal\"").setData(true);\r\n});""}}]",10gd000000d9AmU2gaYa,2020-10-05 13:52:05,10gd000000d9AmU2gaYa,2020-10-05 13:52:05,NULL,NULL,false,10gd000000d9AmU2gaYa,NULL,true,0
003h000000dozYVCV6CV,button_15_click,003g000000deb26JEvPE,"[{""type"":""$core.execJSCode"",""options"":{""content"":""// 当前组件\r\nlet _component = context.getCurrentComponent()\r\n\r\n// 当前Form\r\nlet  _form = _component.getForm()\r\n\r\n_form.formSave()\r\n""}}]",10gd000000d9AmU2gaYa,2020-10-05 13:52:05,10gd000000d9AmU2gaYa,2020-10-05 13:52:05,NULL,NULL,false,10gd000000d9AmU2gaYa,NULL,true,0
003h000000dozYVCV6CW,button_24_click,003g000000deb26JEvPE,"[{""type"":""$core.execJSCode"",""options"":{""content"":""context.$component.get(\""Detail\"").formValidate().then(function (valid) {\r\n    // 当前组件\r\n    let table = context.$page.getComponentByName(\""Records\"");\r\n\r\n    $model.ref(\""Detail\"").save().then(data=>{\r\n        // 成功消息\r\n        if(data.resCode == 0){\r\n            context.$message.success('Save Successfully.');\r\n            table.doQuery();\r\n            // 清空表单\r\n            $model.ref(\""Detail\"").setData({});\r\n            // 重置字段取值\r\n            setTimeout(function () {\r\n                context.$component.get(\""Detail\"").resetFields();\r\n            });\r\n        }\r\n        else {\r\n            context.$message.error('Save Failed:' + data.resMsg, 5)\r\n        }\r\n    }).catch(e=>{\r\n        // 失败消息\r\n        context.$message.error('Save Failed:' + e, 5)\r\n    });\r\n});""},""__nodeName"":""自定义JS代码""}]",10gd000000d9AmU2gaYa,2020-10-05 13:52:05,10gd000000d9AmU2gaYa,2020-10-05 13:52:05,NULL,NULL,false,10gd000000d9AmU2gaYa,NULL,true,0
003h000000dozYVCV6CX,modal_on-cancel_1545208415426026,003g000000deb26JEvPE,"[{""type"":""$core.execJSCode"",""options"":{""content"":""// 重置字段取值\r\ncontext.$component.get(\""Detail\"").resetFields();""},""__nodeName"":""自定义JS代码""}]",10gd000000d9AmU2gaYa,2020-10-05 13:52:05,10gd000000d9AmU2gaYa,2020-10-05 13:52:05,NULL,NULL,false,10gd000000d9AmU2gaYa,NULL,true,0
003h000000dvcsm605Kq,butto_itemclick_1601820673253001,003g000000dnK2NUM2oC,[],10gd000000d9AmU2gaYa,2020-10-09 13:48:03,10gd000000d9AmU2gaYa,2020-10-09 13:48:03,NULL,NULL,false,10gd000000d9AmU2gaYa,NULL,true,0
003h000000dvcsm605Kr,butto_click_1601885897830000,003g000000dnK2NUM2oC,"[{""type"":""$ui.openPage"",""options"":{""target"":{""pageType"":""uiName"",""value"":""test1xjl__choose"",""openMethod"":""currentPage""},""params"":[]},""key"":""1601885988201"",""__handlerName"":""openPageHandler"",""__nodeName"":""打开页面""}]",10gd000000d9AmU2gaYa,2020-10-09 13:48:03,10gd000000d9AmU2gaYa,2020-10-09 13:48:03,NULL,NULL,false,10gd000000d9AmU2gaYa,NULL,true,0
003h000000dvcsm605Ks,butto_click_1601885897830002,003g000000dnK2NUM2oC,"[{""type"":""$ui.openPage"",""options"":{""target"":{""pageType"":""uiName"",""value"":""test1xjl__search"",""openMethod"":""currentPage""},""params"":[]},""key"":""1601905813142"",""__handlerName"":""openPageHandler"",""__nodeName"":""打开页面""}]",10gd000000d9AmU2gaYa,2020-10-09 13:48:03,10gd000000d9AmU2gaYa,2020-10-09 13:48:03,NULL,NULL,false,10gd000000d9AmU2gaYa,NULL,true,0
003h000000dvcsm605Kt,butto_click_1601886796541000,003g000000dnK2NUM2oC,"[{""type"":""$ui.openPage"",""options"":{""target"":{""pageType"":""uiName"",""value"":""test1xjl__myissue"",""openMethod"":""currentPage""},""params"":[]},""key"":""1601887216190"",""__handlerName"":""openPageHandler"",""__nodeName"":""打开页面""}]",10gd000000d9AmU2gaYa,2020-10-09 13:48:03,10gd000000d9AmU2gaYa,2020-10-09 13:48:03,NULL,NULL,false,10gd000000d9AmU2gaYa,NULL,true,0
003h000000dvcsm605Ku,butto_click_1601885897830004,003g000000dnK2NUM2oC,"[{""type"":""$ui.openPage"",""options"":{""target"":{""pageType"":""uiName"",""value"":""test1xjl__CALLadminister"",""openMethod"":""currentPage""},""params"":[]},""key"":""1601887449331"",""__handlerName"":""openPageHandler"",""__nodeName"":""打开页面""}]",10gd000000d9AmU2gaYa,2020-10-09 13:48:03,10gd000000d9AmU2gaYa,2020-10-09 13:48:03,NULL,NULL,false,10gd000000d9AmU2gaYa,NULL,true,0
003h000000dvcsm605Kv,butto_click_1601946498936000,003g000000dnK2NUM2oC,"[{""type"":""$ui.openPage"",""options"":{""target"":{""pageType"":""uiName"",""value"":""test1xjl__browse"",""openMethod"":""currentPage""},""params"":[]},""key"":""1601946779581"",""__handlerName"":""openPageHandler"",""__nodeName"":""打开页面""}]",10gd000000d9AmU2gaYa,2020-10-09 13:48:03,10gd000000d9AmU2gaYa,2020-10-09 13:48:03,NULL,NULL,false,10gd000000d9AmU2gaYa,NULL,true,0
003h000000dwon1jU6zY,casca_on-change_1601822715111000,003g000000dnORpGig9g,[],10gd000000d9AmU2gaYa,2020-10-10 07:02:17,10gd000000d9AmU2gaYa,2020-10-10 07:02:17,NULL,NULL,false,10gd000000d9AmU2gaYa,NULL,true,0
003h000000dwon1jU6zZ,butto_click_1601857826694005,003g000000dnORpGig9g,"[{""type"":""$ui.openPage"",""options"":{""target"":{""pageType"":""uiName"",""value"":""test1xjl__choose1"",""openMethod"":""currentPage""},""params"":[]},""key"":""1601861533822"",""__handlerName"":""openPageHandler"",""__nodeName"":""打开页面""}]",10gd000000d9AmU2gaYa,2020-10-10 07:02:17,10gd000000d9AmU2gaYa,2020-10-10 07:02:17,NULL,NULL,false,10gd000000d9AmU2gaYa,NULL,true,0
003h000000dwon1jU6za,butto_click_1601857826694007,003g000000dnORpGig9g,"[{""type"":""$ui.openPage"",""options"":{""target"":{""pageType"":""uiName"",""value"":""test1xjl__join"",""openMethod"":""currentPage""},""params"":[]},""key"":""1601861493974"",""__handlerName"":""openPageHandler"",""__nodeName"":""打开页面""}]",10gd000000d9AmU2gaYa,2020-10-10 07:02:17,10gd000000d9AmU2gaYa,2020-10-10 07:02:17,NULL,NULL,false,10gd000000d9AmU2gaYa,NULL,true,0
003h000000dwon1jU6zb,Desig_on-load_1,003g000000dnORpGig9g,[],10gd000000d9AmU2gaYa,2020-10-10 07:02:17,10gd000000d9AmU2gaYa,2020-10-10 07:02:17,NULL,NULL,false,10gd000000d9AmU2gaYa,NULL,true,0
003h000000dwon1jU6zc,butto_itemclick_1601822715111008,003g000000dnORpGig9g,[],10gd000000d9AmU2gaYa,2020-10-10 07:02:17,10gd000000d9AmU2gaYa,2020-10-10 07:02:17,NULL,NULL,false,10gd000000d9AmU2gaYa,NULL,true,0
003h000000dwon1jU6zd,butto_click_1601882917164000,003g000000dnORpGig9g,"[{""type"":""$ui.openPage"",""options"":{""target"":{""pageType"":""uiName"",""value"":""test1xjl__choose1b"",""openMethod"":""currentPage""},""params"":[]},""key"":""1601884359279"",""__handlerName"":""openPageHandler"",""__nodeName"":""打开页面""}]",10gd000000d9AmU2gaYa,2020-10-10 07:02:17,10gd000000d9AmU2gaYa,2020-10-10 07:02:17,NULL,NULL,false,10gd000000d9AmU2gaYa,NULL,true,0
003h000000dwpJJ4bTu4,butto_click_1601858699584002,003g000000do4JpesqGW,"[{""type"":""$ui.openPage"",""options"":{""target"":{""pageType"":""uiName"",""value"":""test1xjl__choose2"",""openMethod"":""currentPage""},""params"":[]},""key"":""1601861556185"",""__handlerName"":""openPageHandler"",""__nodeName"":""打开页面""}]",10gd000000d9AmU2gaYa,2020-10-10 07:09:34,10gd000000d9AmU2gaYa,2020-10-10 07:09:34,NULL,NULL,false,10gd000000d9AmU2gaYa,NULL,true,0
003h000000dwpJJ4bTu5,butto_click_1601858699584004,003g000000do4JpesqGW,"[{""type"":""$ui.openPage"",""options"":{""target"":{""pageType"":""uiName"",""value"":""test1xjl__choose"",""openMethod"":""currentPage""},""params"":[]},""key"":""1601861566276"",""__handlerName"":""openPageHandler"",""__nodeName"":""打开页面""}]",10gd000000d9AmU2gaYa,2020-10-10 07:09:34,10gd000000d9AmU2gaYa,2020-10-10 07:09:34,NULL,NULL,false,10gd000000d9AmU2gaYa,NULL,true,0
003h000000dwpJJ4bTu6,butto_itemclick_1601881655248000,003g000000do4JpesqGW,[],10gd000000d9AmU2gaYa,2020-10-10 07:09:34,10gd000000d9AmU2gaYa,2020-10-10 07:09:34,NULL,NULL,false,10gd000000d9AmU2gaYa,NULL,true,0
003h000000dwpJJ4bTu7,butto_click_1601881655248002,003g000000do4JpesqGW,"[{""type"":""$ui.openPage"",""options"":{""target"":{""pageType"":""uiName"",""value"":""test1xjl__choose"",""openMethod"":""currentPage""},""params"":[]},""key"":""1601861566276"",""__handlerName"":""openPageHandler"",""__nodeName"":""打开页面""}]",10gd000000d9AmU2gaYa,2020-10-10 07:09:34,10gd000000d9AmU2gaYa,2020-10-10 07:09:34,NULL,NULL,false,10gd000000d9AmU2gaYa,NULL,true,0
003h000000dwpJJ4bTu8,butto_click_1601881655248003,003g000000do4JpesqGW,"[{""type"":""$ui.openPage"",""options"":{""target"":{""pageType"":""uiName"",""value"":""test1xjl__choose2"",""openMethod"":""currentPage""},""params"":[]},""key"":""1601861556185"",""__handlerName"":""openPageHandler"",""__nodeName"":""打开页面""}]",10gd000000d9AmU2gaYa,2020-10-10 07:09:34,10gd000000d9AmU2gaYa,2020-10-10 07:09:34,NULL,NULL,false,10gd000000d9AmU2gaYa,NULL,true,0
003h000000dwpJJ4bTu9,butto_click_1601882539803003,003g000000do4JpesqGW,"[{""type"":""$ui.openPage"",""options"":{""target"":{""pageType"":""uiName"",""value"":""test1xjl__choose2"",""openMethod"":""currentPage""},""params"":[{},{}]},""key"":""1601883613246"",""__handlerName"":""openPageHandler"",""__nodeName"":""打开页面""}]",10gd000000d9AmU2gaYa,2020-10-10 07:09:34,10gd000000d9AmU2gaYa,2020-10-10 07:09:34,NULL,NULL,false,10gd000000d9AmU2gaYa,NULL,true,0
003h000000dwpJJ4bTuA,butto_click_1601882539803001,003g000000do4JpesqGW,"[{""type"":""$ui.popupPage"",""options"":{""target"":{""pageType"":""url"",""value"":""""},""params"":[],""returnVarName"":"""",""winTitle"":""发布成功，感谢您的使用"",""winPosition"":""center"",""winWidth"":""40"",""winHeight"":""5"",""draggable"":false},""key"":""1601883644574"",""__handlerName"":""popupPageHandler"",""__nodeName"":""弹出页面""},{""type"":""$ui.openPage"",""options"":{""target"":{""pageType"":""uiName"",""value"":""test1xjl__join"",""openMethod"":""currentPage""},""params"":[]},""key"":""1601906818872"",""__handlerName"":""openPageHandler"",""__nodeName"":""打开页面""}]",10gd000000d9AmU2gaYa,2020-10-10 07:09:34,10gd000000d9AmU2gaYa,2020-10-10 07:09:34,NULL,NULL,false,10gd000000d9AmU2gaYa,NULL,true,0
003h000000dwpPoG69lg,popup_on-popup-closed_1601860110525001,003g000000do5baAkMPg,"[{""type"":""$ui.openPage"",""options"":{""target"":{""pageType"":""uiName"",""value"":""test1xjl__choose2"",""openMethod"":""currentPage""},""params"":[{""value"":""$widget.value.1601858950940009""}]},""key"":""1601860487651"",""__handlerName"":""openPageHandler"",""__nodeName"":""打开页面""}]",10gd000000d9AmU2gaYa,2020-10-10 07:11:02,10gd000000d9AmU2gaYa,2020-10-10 07:11:02,NULL,NULL,false,10gd000000d9AmU2gaYa,NULL,true,0
003h000000dwpPoG69lh,butto_click_1601858950940007,003g000000do5baAkMPg,"[{""type"":""$ui.popupPage"",""options"":{""target"":{""pageType"":""url"",""value"":""""},""params"":[{""value"":""$widget.value.1601858950940007""}],""returnVarName"":"""",""winTitle"":""招领信息已发布，感谢"",""winPosition"":""center"",""winWidth"":null,""winHeight"":null,""draggable"":false},""key"":""1601860864420"",""__handlerName"":""popupPageHandler"",""__nodeName"":""弹出页面""}]",10gd000000d9AmU2gaYa,2020-10-10 07:11:02,10gd000000d9AmU2gaYa,2020-10-10 07:11:02,NULL,NULL,false,10gd000000d9AmU2gaYa,NULL,true,0
003h000000dwpPoG69li,label_on-click_1601860110525002,003g000000do5baAkMPg,[],10gd000000d9AmU2gaYa,2020-10-10 07:11:02,10gd000000d9AmU2gaYa,2020-10-10 07:11:02,NULL,NULL,false,10gd000000d9AmU2gaYa,NULL,true,0
003h000000dwpPoG69lj,butto_click_1601858950940006,003g000000do5baAkMPg,"[{""type"":""$ui.popupPage"",""options"":{""target"":{""pageType"":""url"",""value"":""""},""params"":[{""value"":""$widget.value.1601858950940006""}],""returnVarName"":"""",""winTitle"":""已清除，请再次定位"",""winPosition"":""center"",""winWidth"":null,""winHeight"":null,""draggable"":false},""key"":""1601860977955"",""__handlerName"":""popupPageHandler"",""__nodeName"":""弹出页面""}]",10gd000000d9AmU2gaYa,2020-10-10 07:11:02,10gd000000d9AmU2gaYa,2020-10-10 07:11:02,NULL,NULL,false,10gd000000d9AmU2gaYa,NULL,true,0
003h000000dwpPoG69lk,butto_click_1601858950940004,003g000000do5baAkMPg,"[{""type"":""$ui.popupPage"",""options"":{""target"":{""pageType"":""url"",""value"":""""},""params"":[{""value"":""$widget.value.1601858950940004""}],""returnVarName"":"""",""winTitle"":""定位成功"",""winPosition"":"""",""winWidth"":null,""winHeight"":null,""draggable"":false},""key"":""1601861026070"",""__handlerName"":""popupPageHandler"",""__nodeName"":""弹出页面""}]",10gd000000d9AmU2gaYa,2020-10-10 07:11:02,10gd000000d9AmU2gaYa,2020-10-10 07:11:02,NULL,NULL,false,10gd000000d9AmU2gaYa,NULL,true,0
003h000000dwpPoG69ll,butto_click_1601858950940009,003g000000do5baAkMPg,"[{""type"":""$ui.openPage"",""options"":{""target"":{""pageType"":""uiName"",""value"":""test1xjl__choose1"",""openMethod"":""currentPage""},""params"":[]},""key"":""1601861766898"",""__handlerName"":""openPageHandler"",""__nodeName"":""打开页面""}]",10gd000000d9AmU2gaYa,2020-10-10 07:11:02,10gd000000d9AmU2gaYa,2020-10-10 07:11:02,NULL,NULL,false,10gd000000d9AmU2gaYa,NULL,true,0
003h000000dwsMsmj9ZA,butto_click_1601859575369015,003g000000do6Li3vQUi,"[{""type"":""$ui.openPage"",""options"":{""target"":{""pageType"":""uiName"",""value"":""test1xjl__choose"",""openMethod"":""currentPage""},""params"":[]},""key"":""1601861590781"",""__handlerName"":""openPageHandler"",""__nodeName"":""打开页面""}]",10gd000000dTVgIjsWJ6,2020-10-10 07:52:21,10gd000000dTVgIjsWJ6,2020-10-10 07:52:21,NULL,NULL,false,10gd000000dTVgIjsWJ6,NULL,true,0
003h000000dwsMsmj9ZB,butto_click_1601859575369013,003g000000do6Li3vQUi,"[{""type"":""$ui.openPage"",""options"":{""target"":{""pageType"":""uiName"",""value"":""test1xjl__choose2"",""openMethod"":""newPage""},""params"":[]},""key"":""1601861602779"",""__handlerName"":""openPageHandler"",""__nodeName"":""打开页面""}]",10gd000000dTVgIjsWJ6,2020-10-10 07:52:21,10gd000000dTVgIjsWJ6,2020-10-10 07:52:21,NULL,NULL,false,10gd000000dTVgIjsWJ6,NULL,true,0
003h000000dwsMsmj9ZC,butto_click_1601885395704002,003g000000do6Li3vQUi,"[{""type"":""$ui.openPage"",""options"":{""target"":{""pageType"":""uiName"",""value"":""test1xjl__choose2"",""openMethod"":""currentPage""},""params"":[{},{}]},""key"":""1601883613246"",""__handlerName"":""openPageHandler"",""__nodeName"":""打开页面""}]",10gd000000dTVgIjsWJ6,2020-10-10 07:52:21,10gd000000dTVgIjsWJ6,2020-10-10 07:52:21,NULL,NULL,false,10gd000000dTVgIjsWJ6,NULL,true,0
003h000000dwsMsmj9ZD,butto_click_1601885395704004,003g000000do6Li3vQUi,"[{""type"":""$ui.popupPage"",""options"":{""target"":{""pageType"":""url"",""value"":""""},""params"":[],""returnVarName"":"""",""winTitle"":""发布成功，感谢您的使用"",""winPosition"":""center"",""winWidth"":""40"",""winHeight"":""5"",""draggable"":false},""key"":""1601883644574"",""__handlerName"":""popupPageHandler"",""__nodeName"":""弹出页面""},{""type"":""$ui.openPage"",""options"":{""target"":{""pageType"":""uiName"",""value"":""test1xjl__join"",""openMethod"":""currentPage""},""params"":[]},""key"":""1601885842542"",""__handlerName"":""openPageHandler"",""__nodeName"":""打开页面""}]",10gd000000dTVgIjsWJ6,2020-10-10 07:52:21,10gd000000dTVgIjsWJ6,2020-10-10 07:52:21,NULL,NULL,false,10gd000000dTVgIjsWJ6,NULL,true,0
003h000000dwsMsmj9ZE,butto_click_1601885395704005,003g000000do6Li3vQUi,"[{""type"":""$ui.openPage"",""options"":{""target"":{""pageType"":""uiName"",""value"":""test1xjl__choose2b"",""openMethod"":""currentPage""},""params"":[]},""key"":""1601885693368"",""__handlerName"":""openPageHandler"",""__nodeName"":""打开页面""}]",10gd000000dTVgIjsWJ6,2020-10-10 07:52:21,10gd000000dTVgIjsWJ6,2020-10-10 07:52:21,NULL,NULL,false,10gd000000dTVgIjsWJ6,NULL,true,0
003h000000dwsMsmj9ZF,radio_on-change_1601889294861001,003g000000do6Li3vQUi,[],10gd000000dTVgIjsWJ6,2020-10-10 07:52:21,10gd000000dTVgIjsWJ6,2020-10-10 07:52:21,NULL,NULL,false,10gd000000dTVgIjsWJ6,NULL,true,0
003h000000dp0mBRDxwW,button_0_click,003g000000doVwHbjN7g,"[{""type"":""$core.execJSCode"",""options"":{""content"":""// 当前组件\r\nlet _component = context.getCurrentComponent()\r\n\r\n// 当前Form\r\nlet  _form = _component.getForm()\r\n\r\n_form.formSave()\r\n""}}]",10gd000000d9AmU2gaYa,2020-10-05 14:09:10,10gd000000d9AmU2gaYa,2020-10-05 14:09:10,NULL,NULL,false,10gd000000d9AmU2gaYa,NULL,true,0
003h000000dp0mBRDxwX,button_1_click,003g000000doVwHbjN7g,"[{""type"":""$core.execJSCode"",""options"":{""content"":""// 当前组件\r\nlet _component = context.getCurrentComponent()\r\n\r\n// 当前Form\r\nlet  _form = _component.getForm()\r\n\r\n_form.resetFields()\r\n""}}]",10gd000000d9AmU2gaYa,2020-10-05 14:09:10,10gd000000d9AmU2gaYa,2020-10-05 14:09:10,NULL,NULL,false,10gd000000d9AmU2gaYa,NULL,true,0
003h000000dp0mCkyRP6,button_16_click,003g000000doVwJ39160,"[{""type"":""$core.execJSCode"",""options"":{""content"":""// 当前组件\r\nlet _component = context.getCurrentComponent()\r\n\r\n// 当前Form\r\nlet  _form = _component.getForm()\r\n\r\n_form.resetFields()\r\n""}}]",10gd000000d9AmU2gaYa,2020-10-05 14:09:10,10gd000000d9AmU2gaYa,2020-10-05 14:09:10,NULL,NULL,false,10gd000000d9AmU2gaYa,NULL,true,0
003h000000dp0mCkyRP7,button_21_click,003g000000doVwJ39160,"[{""type"":""$core.execJSCode"",""options"":{""content"":""$model.ref(\""showModal\"").setData(false);\r\n// 重置字段取值\r\ncontext.$component.get(\""Detail\"").resetFields();""},""__nodeName"":""自定义JS代码""}]",10gd000000d9AmU2gaYa,2020-10-05 14:09:10,10gd000000d9AmU2gaYa,2020-10-05 14:09:10,NULL,NULL,false,10gd000000d9AmU2gaYa,NULL,true,0
003h000000dp0mCkyRP8,button_22_click,003g000000doVwJ39160,"[{""type"":""$core.execJSCode"",""options"":{""content"":""context.$component.get(\""Detail\"").formValidate().then(function (valid) {\r\n    // 当前组件\r\n    let table = context.$page.getComponentByName(\""Records\"");\r\n\r\n    $model.ref(\""Detail\"").save().then(data=>{\r\n        // 成功消息\r\n        if(data.resCode == 0){\r\n            context.$message.success('Save Successfully.');\r\n            table.doQuery();\r\n            // 关闭弹框\r\n            $model.ref(\""showModal\"").setData(false);\r\n            // 重置字段取值\r\n            context.$component.get(\""Detail\"").resetFields();\r\n        }\r\n        else {\r\n            context.$message.error('Save Failed:' + data.resMsg, 5)\r\n        }\r\n    }).catch(e=>{\r\n        // 失败消息\r\n        context.$message.error('Save Failed:' + e, 5)\r\n    });\r\n});""},""__nodeName"":""自定义JS代码""}]",10gd000000d9AmU2gaYa,2020-10-05 14:09:10,10gd000000d9AmU2gaYa,2020-10-05 14:09:10,NULL,NULL,false,10gd000000d9AmU2gaYa,NULL,true,0
003h000000dp0mCkyRP9,button_23_click,003g000000doVwJ39160,"[{""type"":""$core.execJSCode"",""options"":{""content"":""context.$component.get(\""Detail\"").formValidate().then(function (valid) {\r\n    // 当前组件\r\n    let table = context.$page.getComponentByName(\""Records\"");\r\n\r\n    $model.ref(\""Detail\"").save().then(data=>{\r\n        // 成功消息\r\n        if(data.resCode == 0){\r\n            table.doQuery();\r\n            // 关闭弹框\r\n            $model.ref(\""showModal\"").setData(false);\r\n            // 重置字段取值\r\n            setTimeout(function () {\r\n                context.$component.get(\""Detail\"").resetFields();\r\n            });\r\n            // 提交审批\r\n            context.$approval(data.result[0].id).then(res=>{\r\n                if(res.resCode == 0) {\r\n                    context.$message.success('Save Successfully.');\r\n                }\r\n                else if(res.resCode == \""405230808\"") {\r\n                $model.ref(\""showUserModal\"").setData(true);\r\n                $model.ref(\""recordId\"").setData(data.result[0].id);\r\n                }\r\n                else{\r\n                    context.$message.error('Submit Approval Failed:' + res.resMsg, 5)\r\n                }\r\n            })\r\n        }\r\n        else {\r\n            context.$message.error('Save Failed:' + data.resMsg, 5)\r\n        }\r\n    }).catch(e=>{\r\n        // 失败消息\r\n        context.$message.error('Save Failed:' + e, 5)\r\n    });\r\n});\r\n""},""__nodeName"":""自定义JS代码""}]",10gd000000d9AmU2gaYa,2020-10-05 14:09:10,10gd000000d9AmU2gaYa,2020-10-05 14:09:10,NULL,NULL,false,10gd000000d9AmU2gaYa,NULL,true,0
003h000000dp0mCkyRPA,modal_1_on-ok,003g000000doVwJ39160,"[{""type"":""$core.execJSCode"",""options"":{""content"":"" context.$approval($model.ref(\""recordId\"").getData(),$model.ref(\""approvalUser\"").getData()).then(res=>{\r\n    if(res.resCode == 0) {\r\n        context.$message.success('Save Successfully.');\r\n    }\r\n    else if(res.resCode == \""405230808\"") {\r\n        $model.ref(\""showUserModal\"").setData(true);\r\n    }\r\n    else{\r\n        context.$message.error('Submit Approval Failed:' + res.resMsg, 5)\r\n    }\r\n})""}}]",10gd000000d9AmU2gaYa,2020-10-05 14:09:10,10gd000000d9AmU2gaYa,2020-10-05 14:09:10,NULL,NULL,false,10gd000000d9AmU2gaYa,NULL,true,0
003h000000dp0mCkyRPB,modal_0_on-ok,003g000000doVwJ39160,"[{""type"":""$core.execJSCode"",""options"":{""content"":""// 当前组件\r\nlet table = context.$page.getComponentByName(\""Records\"");\r\n\r\n// 根据组件名称获取组件\r\nlet form = this.$component.get(\""Detail\"");\r\n\r\n// 获取组件的绑定模型，调用save action保存数据\r\nform.getDataModel().save().then(data=>{\r\n    // 成功消息\r\n    if(data.resCode == 0){\r\n        context.$message.success('Save Successfully.');\r\n        // 刷新表格\r\n        table.doQuery();\r\n    }\r\n    else {\r\n        context.$message.error('Save Failed:' + data.resMsg, 5)\r\n    }\r\n}).catch(e=>{\r\n    // 失败消息\r\n    context.$message.error('Save Failed:' + e, 5)\r\n});\r\n\r\n""},""__nodeName"":""自定义JS代码""}]",10gd000000d9AmU2gaYa,2020-10-05 14:09:10,10gd000000d9AmU2gaYa,2020-10-05 14:09:10,NULL,NULL,false,10gd000000d9AmU2gaYa,NULL,true,0
003h000000dp0mCkyRPC,button_0_click,003g000000doVwJ39160,"[{""type"":""$core.execJSCode"",""options"":{""content"":""$model.ref(\""Detail\"").setData({});\r\n\r\n// 展示新增按钮\r\n$model.ref(\""hideSaveNewBtn\"").setData(false);\r\n\r\n// 判断是否显示审批提交按钮\r\ncontext.$object(\""Detail\"").then(objectMeta =>{\r\n    if(objectMeta && objectMeta.aprovalProcesses &&  objectMeta.aprovalProcesses.length > 0) {\r\n        $model.ref(\""hideApprovalBtn\"").setData(false);\r\n    }\r\n    else {\r\n        $model.ref(\""hideApprovalBtn\"").setData(true);\r\n    }\r\n    \r\n    // 显示新增弹框\r\n    $model.ref(\""showModal\"").setData(true);\r\n});""}}]",10gd000000d9AmU2gaYa,2020-10-05 14:09:10,10gd000000d9AmU2gaYa,2020-10-05 14:09:10,NULL,NULL,false,10gd000000d9AmU2gaYa,NULL,true,0
003h000000dp0mCkyRPD,button_15_click,003g000000doVwJ39160,"[{""type"":""$core.execJSCode"",""options"":{""content"":""// 当前组件\r\nlet _component = context.getCurrentComponent()\r\n\r\n// 当前Form\r\nlet  _form = _component.getForm()\r\n\r\n_form.formSave()\r\n""}}]",10gd000000d9AmU2gaYa,2020-10-05 14:09:10,10gd000000d9AmU2gaYa,2020-10-05 14:09:10,NULL,NULL,false,10gd000000d9AmU2gaYa,NULL,true,0
003h000000dp0mCkyRPE,button_24_click,003g000000doVwJ39160,"[{""type"":""$core.execJSCode"",""options"":{""content"":""context.$component.get(\""Detail\"").formValidate().then(function (valid) {\r\n    // 当前组件\r\n    let table = context.$page.getComponentByName(\""Records\"");\r\n\r\n    $model.ref(\""Detail\"").save().then(data=>{\r\n        // 成功消息\r\n        if(data.resCode == 0){\r\n            context.$message.success('Save Successfully.');\r\n            table.doQuery();\r\n            // 清空表单\r\n            $model.ref(\""Detail\"").setData({});\r\n            // 重置字段取值\r\n            setTimeout(function () {\r\n                context.$component.get(\""Detail\"").resetFields();\r\n            });\r\n        }\r\n        else {\r\n            context.$message.error('Save Failed:' + data.resMsg, 5)\r\n        }\r\n    }).catch(e=>{\r\n        // 失败消息\r\n        context.$message.error('Save Failed:' + e, 5)\r\n    });\r\n});""},""__nodeName"":""自定义JS代码""}]",10gd000000d9AmU2gaYa,2020-10-05 14:09:10,10gd000000d9AmU2gaYa,2020-10-05 14:09:10,NULL,NULL,false,10gd000000d9AmU2gaYa,NULL,true,0
003h000000dp0mCkyRPF,modal_on-cancel_1545208415426026,003g000000doVwJ39160,"[{""type"":""$core.execJSCode"",""options"":{""content"":""// 重置字段取值\r\ncontext.$component.get(\""Detail\"").resetFields();""},""__nodeName"":""自定义JS代码""}]",10gd000000d9AmU2gaYa,2020-10-05 14:09:10,10gd000000d9AmU2gaYa,2020-10-05 14:09:10,NULL,NULL,false,10gd000000d9AmU2gaYa,NULL,true,0
003h000000dogi5k5rKy,popup_on-popup-closed_1601860110525001,003g000000dobM0QmREG,"[{""type"":""$ui.openPage"",""options"":{""target"":{""pageType"":""uiName"",""value"":""test1xjl__choose2"",""openMethod"":""currentPage""},""params"":[{""value"":""$widget.value.1601858950940009""}]},""key"":""1601860487651"",""__handlerName"":""openPageHandler"",""__nodeName"":""打开页面""}]",10gd000000dTVgIjsWJ6,2020-10-05 09:28:22,10gd000000dTVgIjsWJ6,2020-10-05 09:28:22,NULL,NULL,false,10gd000000dTVgIjsWJ6,NULL,true,0
003h000000dogi5k5rKz,butto_click_1601858950940007,003g000000dobM0QmREG,"[{""type"":""$ui.popupPage"",""options"":{""target"":{""pageType"":""url"",""value"":""""},""params"":[{""value"":""$widget.value.1601858950940007""}],""returnVarName"":"""",""winTitle"":""招领信息已发布，感谢使用"",""winPosition"":""center"",""winWidth"":null,""winHeight"":null,""draggable"":false},""key"":""1601860864420"",""__handlerName"":""popupPageHandler"",""__nodeName"":""弹出页面""},{""type"":""$ui.openPage"",""options"":{""target"":{""pageType"":""uiName"",""value"":""test1xjl__join"",""openMethod"":""currentPage""},""params"":[]},""key"":""1601886132600"",""__handlerName"":""openPageHandler"",""__nodeName"":""打开页面""}]",10gd000000dTVgIjsWJ6,2020-10-05 09:28:22,10gd000000dTVgIjsWJ6,2020-10-05 09:28:22,NULL,NULL,false,10gd000000dTVgIjsWJ6,NULL,true,0
003h000000dogi5k5rL0,label_on-click_1601860110525002,003g000000dobM0QmREG,[],10gd000000dTVgIjsWJ6,2020-10-05 09:28:22,10gd000000dTVgIjsWJ6,2020-10-05 09:28:22,NULL,NULL,false,10gd000000dTVgIjsWJ6,NULL,true,0
003h000000dogi5k5rL1,butto_click_1601858950940006,003g000000dobM0QmREG,"[{""type"":""$ui.popupPage"",""options"":{""target"":{""pageType"":""url"",""value"":""""},""params"":[{""value"":""$widget.value.1601858950940006""}],""returnVarName"":"""",""winTitle"":""已清除，请再次定位"",""winPosition"":""center"",""winWidth"":null,""winHeight"":null,""draggable"":false},""key"":""1601860977955"",""__handlerName"":""popupPageHandler"",""__nodeName"":""弹出页面""}]",10gd000000dTVgIjsWJ6,2020-10-05 09:28:22,10gd000000dTVgIjsWJ6,2020-10-05 09:28:22,NULL,NULL,false,10gd000000dTVgIjsWJ6,NULL,true,0
003h000000dogi5k5rL2,butto_click_1601858950940004,003g000000dobM0QmREG,"[{""type"":""$ui.popupPage"",""options"":{""target"":{""pageType"":""url"",""value"":""""},""params"":[{""value"":""$widget.value.1601858950940004""}],""returnVarName"":"""",""winTitle"":""定位成功"",""winPosition"":"""",""winWidth"":null,""winHeight"":null,""draggable"":false},""key"":""1601861026070"",""__handlerName"":""popupPageHandler"",""__nodeName"":""弹出页面""}]",10gd000000dTVgIjsWJ6,2020-10-05 09:28:22,10gd000000dTVgIjsWJ6,2020-10-05 09:28:22,NULL,NULL,false,10gd000000dTVgIjsWJ6,NULL,true,0
003h000000dogi5k5rL3,butto_click_1601858950940009,003g000000dobM0QmREG,"[{""type"":""$ui.openPage"",""options"":{""target"":{""pageType"":""uiName"",""value"":""test1xjl__choose1b"",""openMethod"":""currentPage""},""params"":[]},""key"":""1601861766898"",""__handlerName"":""openPageHandler"",""__nodeName"":""打开页面""}]",10gd000000dTVgIjsWJ6,2020-10-05 09:28:22,10gd000000dTVgIjsWJ6,2020-10-05 09:28:22,NULL,NULL,false,10gd000000dTVgIjsWJ6,NULL,true,0
003h000000dvd9MJva8O,table_on-select_1601886884625004,003g000000docsEglb6G,[],10gd000000d9AmU2gaYa,2020-10-09 13:51:47,10gd000000d9AmU2gaYa,2020-10-09 13:51:47,NULL,NULL,false,10gd000000d9AmU2gaYa,NULL,true,0
003h000000dvd9MJva8P,butto_click_1601947021519000,003g000000docsEglb6G,"[{""type"":""$ui.openPage"",""options"":{""target"":{""pageType"":""uiName"",""value"":""test1xjl__join"",""openMethod"":""currentPage""},""params"":[]},""key"":""1601947061974"",""__handlerName"":""openPageHandler"",""__nodeName"":""打开页面""}]",10gd000000d9AmU2gaYa,2020-10-09 13:51:47,10gd000000d9AmU2gaYa,2020-10-09 13:51:47,NULL,NULL,false,10gd000000d9AmU2gaYa,NULL,true,0
003h000000dvdtpivkQa,butto_click_1601887266025007,003g000000dodKOa2IT2,"[{""type"":""$ui.openPage"",""options"":{""target"":{""pageType"":""uiName"",""value"":""test1xjl__join"",""openMethod"":""currentPage""},""params"":[]},""key"":""1601888424650"",""__handlerName"":""openPageHandler"",""__nodeName"":""打开页面""}]",10gd000000d9AmU2gaYa,2020-10-09 14:02:17,10gd000000d9AmU2gaYa,2020-10-09 14:02:17,NULL,NULL,false,10gd000000d9AmU2gaYa,NULL,true,0
003h000000dvdtpivkQb,butto_click_1601887266025005,003g000000dodKOa2IT2,"[{""type"":""$ui.popupPage"",""options"":{""target"":{""pageType"":""url"",""value"":""""},""params"":[],""returnVarName"":"""",""winTitle"":""提交成功"",""winPosition"":""center"",""winWidth"":null,""winHeight"":null,""draggable"":false},""key"":""1601888437844"",""__handlerName"":""popupPageHandler"",""__nodeName"":""弹出页面""},{""type"":""$ui.openPage"",""options"":{""target"":{""pageType"":""uiName"",""value"":""test1xjl__join"",""openMethod"":""currentPage""},""params"":[]},""key"":""1601888505084"",""__handlerName"":""openPageHandler"",""__nodeName"":""打开页面""}]",10gd000000d9AmU2gaYa,2020-10-09 14:02:17,10gd000000d9AmU2gaYa,2020-10-09 14:02:17,NULL,NULL,false,10gd000000d9AmU2gaYa,NULL,true,0
003h000000dy2zhD4VSi,casca_on-change_1601902454738000,003g000000dovQ4YpjLk,[],10gd000000dTVgIjsWJ6,2020-10-11 00:48:39,10gd000000dTVgIjsWJ6,2020-10-11 00:48:39,NULL,NULL,false,10gd000000dTVgIjsWJ6,NULL,true,0
003h000000dy2zhD4VSj,label_on-click_1601902454738040,003g000000dovQ4YpjLk,[],10gd000000dTVgIjsWJ6,2020-10-11 00:48:39,10gd000000dTVgIjsWJ6,2020-10-11 00:48:39,NULL,NULL,false,10gd000000dTVgIjsWJ6,NULL,true,0
003h000000dy2zhD4VSk,texta_on-change_1601902454738045,003g000000dovQ4YpjLk,[],10gd000000dTVgIjsWJ6,2020-10-11 00:48:39,10gd000000dTVgIjsWJ6,2020-10-11 00:48:39,NULL,NULL,false,10gd000000dTVgIjsWJ6,NULL,true,0
003h000000dy2zhD4VSl,texta_on-focus_1601902454738045,003g000000dovQ4YpjLk,[],10gd000000dTVgIjsWJ6,2020-10-11 00:48:39,10gd000000dTVgIjsWJ6,2020-10-11 00:48:39,NULL,NULL,false,10gd000000dTVgIjsWJ6,NULL,true,0
003h000000dy2zhD4VSm,butto_click_1601902454738047,003g000000dovQ4YpjLk,"[{""type"":""$core.execJSCode"",""options"":{""content"":""// 当前组件\r\nlet _component = context.$component.current\r\n\r\n// 获取名字为${modelName}的数据模型\r\n// let _model = context.$model.get('${modelName}')\r\n\r\nlet row = _component.getCurrentRow();\r\ndebugger;\r\n// 根据Name获取组件\r\nlet component = context.getComponentByName('form_0')\r\n""},""__handlerName"":"""",""__nodeName"":""自定义JS代码""},{""type"":""$ui.openPage"",""options"":{""target"":{""pageType"":""uiName"",""value"":""test1xjl__details"",""openMethod"":""currentPage""},""params"":[]},""key"":""1602377273771"",""__handlerName"":""openPageHandler"",""__nodeName"":""打开页面""}]",10gd000000dTVgIjsWJ6,2020-10-11 00:48:39,10gd000000dTVgIjsWJ6,2020-10-11 00:48:39,NULL,NULL,false,10gd000000dTVgIjsWJ6,NULL,true,0
003h000000dy2zhD4VSn,butto_click_1601902454738006,003g000000dovQ4YpjLk,"[{""type"":""$widget.setVisible"",""options"":[{""id"":""1601902454738050"",""value"":""true"",""view"":""layoutgrid""}],""key"":""1601904143617"",""__handlerName"":""showHideHandler"",""__nodeName"":""显示/隐藏控件""}]",10gd000000dTVgIjsWJ6,2020-10-11 00:48:39,10gd000000dTVgIjsWJ6,2020-10-11 00:48:39,NULL,NULL,false,10gd000000dTVgIjsWJ6,NULL,true,0
003h000000dy2zhD4VSo,butto_click_1601902454738002,003g000000dovQ4YpjLk,"[{""type"":""$widget.setVisible"",""options"":[{""id"":""1601902454738050"",""value"":""true"",""view"":""layoutgrid""}],""key"":""1601904111535"",""__handlerName"":""showHideHandler"",""__nodeName"":""显示/隐藏控件""}]",10gd000000dTVgIjsWJ6,2020-10-11 00:48:39,10gd000000dTVgIjsWJ6,2020-10-11 00:48:39,NULL,NULL,false,10gd000000dTVgIjsWJ6,NULL,true,0
003h000000dy2zhD4VSp,butto_click_1601905872502000,003g000000dovQ4YpjLk,"[{""type"":""$ui.openPage"",""options"":{""target"":{""pageType"":""uiName"",""value"":""test1xjl__join"",""openMethod"":""currentPage""},""params"":[]},""key"":""1601905943068"",""__handlerName"":""openPageHandler"",""__nodeName"":""打开页面""}]",10gd000000dTVgIjsWJ6,2020-10-11 00:48:39,10gd000000dTVgIjsWJ6,2020-10-11 00:48:39,NULL,NULL,false,10gd000000dTVgIjsWJ6,NULL,true,0
003h000000dy2zhD4VSq,butto_click_1601905872502002,003g000000dovQ4YpjLk,"[{""type"":""$ui.openPage"",""options"":{""target"":{""pageType"":""uiName"",""value"":""test1xjl__editor"",""openMethod"":""currentPage""},""params"":[]},""key"":""1601906302639"",""__handlerName"":""openPageHandler"",""__nodeName"":""打开页面""}]",10gd000000dTVgIjsWJ6,2020-10-11 00:48:39,10gd000000dTVgIjsWJ6,2020-10-11 00:48:39,NULL,NULL,false,10gd000000dTVgIjsWJ6,NULL,true,0
003h000000dwsoXXEKB6,DesignerPage_1_on-load,003g000000dovT1RcHEu,"[{""type"":""$core.execJSCode"",""options"":{""content"":""// 当前组件\r\n// let _component = context.$component.current\r\n\r\n// 获取名字为${modelName}的数据模型\r\nlet data=[\r\n    {\r\n        name:\""张三\"",\r\n        status:\""在职\"",\r\n        address:\""广东省深圳市龙岗区\""\r\n    },\r\n    {\r\n        name:\""李四\"",\r\n        status:\""离职\"",\r\n        address:\""广东省深圳市南山区\""\r\n    },\r\n    {\r\n        name:\""蔡五\"",\r\n        status:\""在职\"",\r\n        address:\""广东省深圳市福田区\""\r\n    }\r\n]\r\nlet _model = context.$model.get('list').setData(data);\r\n\r\n""}}]",10gd000000dTVgIjsWJ6,2020-10-10 07:58:36,10gd000000dTVgIjsWJ6,2020-10-10 07:58:36,NULL,NULL,false,10gd000000dTVgIjsWJ6,NULL,true,0
003h000000dwsoXXEKB7,button_0_click,003g000000dovT1RcHEu,"[{""type"":""$ui.openPage"",""options"":{""target"":{""pageType"":""uiName"",""value"":""test1xjl__detail"",""openMethod"":""currentPage""},""params"":[{}]},""key"":""1602037106593"",""__handlerName"":"""",""__nodeName"":""打开页面""}]",10gd000000dTVgIjsWJ6,2020-10-10 07:58:36,10gd000000dTVgIjsWJ6,2020-10-10 07:58:36,NULL,NULL,false,10gd000000dTVgIjsWJ6,NULL,true,0
003h000000dwsoXXEKB8,butto_click_1601903746505000,003g000000dovT1RcHEu,"[{""type"":""$ui.confirm"",""options"":{""content"":""{{}}"",""buttonLabel"":""okOrCancel"",""title"":""删除公布"",""bindVarName"":""""},""key"":""1601903909020"",""__handlerName"":"""",""__nodeName"":""弹出询问对话框""}]",10gd000000dTVgIjsWJ6,2020-10-10 07:58:36,10gd000000dTVgIjsWJ6,2020-10-10 07:58:36,NULL,NULL,false,10gd000000dTVgIjsWJ6,NULL,true,0
003h000000dwsoXXEKB9,texta_on-change_1601902494452012,003g000000dovT1RcHEu,[],10gd000000dTVgIjsWJ6,2020-10-10 07:58:36,10gd000000dTVgIjsWJ6,2020-10-10 07:58:36,NULL,NULL,false,10gd000000dTVgIjsWJ6,NULL,true,0
003h000000dwsoXXEKBA,texta_on-focus_1601902494452012,003g000000dovT1RcHEu,[],10gd000000dTVgIjsWJ6,2020-10-10 07:58:36,10gd000000dTVgIjsWJ6,2020-10-10 07:58:36,NULL,NULL,false,10gd000000dTVgIjsWJ6,NULL,true,0
003h000000dwsoXXEKBB,butto_click_1601905532623000,003g000000dovT1RcHEu,"[{""type"":""$ui.openPage"",""options"":{""target"":{""pageType"":""uiName"",""value"":""test1xjl__zero"",""openMethod"":""currentPage""},""params"":[{}]},""key"":""1601905578020"",""__handlerName"":"""",""__nodeName"":""打开页面""}]",10gd000000dTVgIjsWJ6,2020-10-10 07:58:36,10gd000000dTVgIjsWJ6,2020-10-10 07:58:36,NULL,NULL,false,10gd000000dTVgIjsWJ6,NULL,true,0
003h000000dozJ1cf5iC,butto_click_1601905140092001,003g000000doycPfj8UK,"[{""type"":""$ui.openPage"",""options"":{""target"":{""pageType"":""uiName"",""value"":""test1xjl__b"",""openMethod"":""currentPage""},""params"":[]},""key"":""1601905374313"",""__handlerName"":""openPageHandler"",""__nodeName"":""打开页面""}]",10gd000000dTVgIjsWJ6,2020-10-05 13:48:35,10gd000000dTVgIjsWJ6,2020-10-05 13:48:35,NULL,NULL,false,10gd000000dTVgIjsWJ6,NULL,true,0
003h000000dozJ1cf5iD,butto_click_1601905140092000,003g000000doycPfj8UK,"[{""type"":""$ui.openPage"",""options"":{""target"":{""pageType"":""uiName"",""value"":""test1xjl__a"",""openMethod"":""currentPage""},""params"":[]},""key"":""1601905390304"",""__handlerName"":""openPageHandler"",""__nodeName"":""打开页面""}]",10gd000000dTVgIjsWJ6,2020-10-05 13:48:35,10gd000000dTVgIjsWJ6,2020-10-05 13:48:35,NULL,NULL,false,10gd000000dTVgIjsWJ6,NULL,true,0
003h000000dwt1SUQD20,DesignerPage_1_on-load,003g000000doylvggaMi,"[{""type"":""$core.execJSCode"",""options"":{""content"":""// 当前组件\r\n// let _component = context.$component.current\r\n\r\n// 获取名字为${modelName}的数据模型\r\nlet data=[\r\n    {\r\n        name:\""张三\"",\r\n        status:\""在职\"",\r\n        address:\""广东省深圳市龙岗区\""\r\n    },\r\n    {\r\n        name:\""李四\"",\r\n        status:\""离职\"",\r\n        address:\""广东省深圳市南山区\""\r\n    },\r\n    {\r\n        name:\""蔡五\"",\r\n        status:\""在职\"",\r\n        address:\""广东省深圳市福田区\""\r\n    }\r\n]\r\nlet _model = context.$model.get('list').setData(data);\r\n\r\n""}}]",10gd000000dTVgIjsWJ6,2020-10-10 08:01:31,10gd000000dTVgIjsWJ6,2020-10-10 08:01:31,NULL,NULL,false,10gd000000dTVgIjsWJ6,NULL,true,0
003h000000dwt1SUQD21,button_0_click,003g000000doylvggaMi,"[{""type"":""$core.execJSCode"",""options"":{""content"":""// 当前组件\r\nlet _component = context.$component.current\r\n\r\n// 获取名字为${modelName}的数据模型\r\n// let _model = context.$model.get('${modelName}')\r\n\r\nlet row = _component.getCurrentRow();\r\ndebugger;\r\n// 根据Name获取组件\r\nlet component = context.getComponentByName('form_0')\r\n""}}]",10gd000000dTVgIjsWJ6,2020-10-10 08:01:31,10gd000000dTVgIjsWJ6,2020-10-10 08:01:31,NULL,NULL,false,10gd000000dTVgIjsWJ6,NULL,true,0
003h000000dwt1SUQD22,butto_click_1601905592481001,003g000000doylvggaMi,"[{""type"":""$ui.openPage"",""options"":{""target"":{""pageType"":""uiName"",""value"":""test1xjl__zero"",""openMethod"":""currentPage""},""params"":[]},""key"":""1601905686415"",""__handlerName"":"""",""__nodeName"":""打开页面""}]",10gd000000dTVgIjsWJ6,2020-10-10 08:01:31,10gd000000dTVgIjsWJ6,2020-10-10 08:01:31,NULL,NULL,false,10gd000000dTVgIjsWJ6,NULL,true,0
003h000000dplgA7RxBI,butto_click_1601906012537005,003g000000dozertRrmK,"[{""type"":""$ui.openPage"",""options"":{""target"":{""pageType"":""uiName"",""value"":""test1xjl__search"",""openMethod"":""currentPage""},""params"":[]},""key"":""1601906225081"",""__handlerName"":""openPageHandler"",""__nodeName"":""打开页面""}]",10gd000000dTVgIjsWJ6,2020-10-06 01:05:30,10gd000000dTVgIjsWJ6,2020-10-06 01:05:30,NULL,NULL,false,10gd000000dTVgIjsWJ6,NULL,true,0
003h000000dplgA7RxBJ,butto_click_1601906012537002,003g000000dozertRrmK,"[{""type"":""$ui.popupPage"",""options"":{""target"":{""pageType"":""url"",""value"":""""},""params"":[],""returnVarName"":"""",""winTitle"":""发布成功"",""winPosition"":""center"",""winWidth"":null,""winHeight"":null,""draggable"":false},""key"":""1601906239412"",""__handlerName"":""popupPageHandler"",""__nodeName"":""弹出页面""},{""type"":""$ui.openPage"",""options"":{""target"":{""pageType"":""uiName"",""value"":""test1xjl__join"",""openMethod"":""currentPage""},""params"":[]},""key"":""1601906408974"",""__handlerName"":""openPageHandler"",""__nodeName"":""打开页面""}]",10gd000000dTVgIjsWJ6,2020-10-06 01:05:30,10gd000000dTVgIjsWJ6,2020-10-06 01:05:30,NULL,NULL,false,10gd000000dTVgIjsWJ6,NULL,true,0
003h000000dwsLfig2tM,texta_on-change_1601946485789006,003g000000dplrUgvfto,[],10gd000000d9AmU2gaYa,2020-10-10 07:52:05,10gd000000d9AmU2gaYa,2020-10-10 07:52:05,NULL,NULL,false,10gd000000d9AmU2gaYa,NULL,true,0
003h000000dwsLfig2tN,texta_on-focus_1601946485789006,003g000000dplrUgvfto,[],10gd000000d9AmU2gaYa,2020-10-10 07:52:05,10gd000000d9AmU2gaYa,2020-10-10 07:52:05,NULL,NULL,false,10gd000000d9AmU2gaYa,NULL,true,0
003h000000dwsLfig2tO,butto_click_1601946485789008,003g000000dplrUgvfto,"[{""type"":""$core.execJSCode"",""options"":{""content"":""// 当前组件\r\nlet _component = context.$component.current\r\n\r\n// 获取名字为${modelName}的数据模型\r\n// let _model = context.$model.get('${modelName}')\r\n\r\nlet row = _component.getCurrentRow();\r\ndebugger;\r\n// 根据Name获取组件\r\nlet component = context.getComponentByName('form_0')\r\n""},""__handlerName"":"""",""__nodeName"":""自定义JS代码""}]",10gd000000d9AmU2gaYa,2020-10-10 07:52:05,10gd000000d9AmU2gaYa,2020-10-10 07:52:05,NULL,NULL,false,10gd000000d9AmU2gaYa,NULL,true,0
003h000000dwsLfig2tP,butto_click_1601946485789009,003g000000dplrUgvfto,"[{""type"":""$ui.confirm"",""options"":{""content"":""{{}}"",""buttonLabel"":""okOrCancel"",""title"":""删除公布"",""bindVarName"":""""},""key"":""1601903909020"",""__handlerName"":"""",""__nodeName"":""弹出询问对话框""}]",10gd000000d9AmU2gaYa,2020-10-10 07:52:05,10gd000000d9AmU2gaYa,2020-10-10 07:52:05,NULL,NULL,false,10gd000000d9AmU2gaYa,NULL,true,0
003h000000dwsLfig2tQ,butto_click_1601946485789015,003g000000dplrUgvfto,"[{""type"":""$ui.openPage"",""options"":{""target"":{""pageType"":""uiName"",""value"":""test1xjl__join"",""openMethod"":""currentPage""},""params"":[]},""key"":""1601946943163"",""__handlerName"":""openPageHandler"",""__nodeName"":""打开页面""}]",10gd000000d9AmU2gaYa,2020-10-10 07:52:05,10gd000000d9AmU2gaYa,2020-10-10 07:52:05,NULL,NULL,false,10gd000000d9AmU2gaYa,NULL,true,0
003h000000drVpyZEvVQ,table_on-select_1602036912894000,003g000000drVYnuhCiW,[],10gd000000dTVgIjsWJ6,2020-10-07 02:19:02,10gd000000dTVgIjsWJ6,2020-10-07 02:19:02,NULL,NULL,false,10gd000000dTVgIjsWJ6,NULL,true,0
003h000000drVpyZEvVR,table_on-select_1602036912894001,003g000000drVYnuhCiW,[],10gd000000dTVgIjsWJ6,2020-10-07 02:19:02,10gd000000dTVgIjsWJ6,2020-10-07 02:19:02,NULL,NULL,false,10gd000000dTVgIjsWJ6,NULL,true,0
003h000000drVpyZEvVS,butto_click_1602036912894002,003g000000drVYnuhCiW,"[{""type"":""$ui.openPage"",""options"":{""target"":{""pageType"":""uiName"",""value"":""test1xjl__a"",""openMethod"":""currentPage""},""params"":[]},""key"":""1602036977452"",""__handlerName"":""openPageHandler"",""__nodeName"":""打开页面""}]",10gd000000dTVgIjsWJ6,2020-10-07 02:19:02,10gd000000dTVgIjsWJ6,2020-10-07 02:19:02,NULL,NULL,false,10gd000000dTVgIjsWJ6,NULL,true,0
003h000000dtYTPJjfd2,button_0_click,003g000000dt71mEP4bY,"[{""type"":""$core.execJSCode"",""options"":{""content"":""// 当前组件\r\nlet _component = context.getCurrentComponent()\r\n\r\n// 当前Form\r\nlet  _form = _component.getForm()\r\n\r\n_form.formSave()\r\n""}}]",10gd000000d9AmU2gaYa,2020-10-08 07:51:08,10gd000000d9AmU2gaYa,2020-10-08 07:51:08,NULL,NULL,false,10gd000000d9AmU2gaYa,NULL,true,0
003h000000dtYTPJjfd3,button_1_click,003g000000dt71mEP4bY,"[{""type"":""$core.execJSCode"",""options"":{""content"":""// 当前组件\r\nlet _component = context.getCurrentComponent()\r\n\r\n// 当前Form\r\nlet  _form = _component.getForm()\r\n\r\n_form.resetFields()\r\n""}}]",10gd000000d9AmU2gaYa,2020-10-08 07:51:08,10gd000000d9AmU2gaYa,2020-10-08 07:51:08,NULL,NULL,false,10gd000000d9AmU2gaYa,NULL,true,0
003h000000dtYTQliVrU,button_16_click,003g000000dt71nv93bM,"[{""type"":""$core.execJSCode"",""options"":{""content"":""// 当前组件\r\nlet _component = context.getCurrentComponent()\r\n\r\n// 当前Form\r\nlet  _form = _component.getForm()\r\n\r\n_form.resetFields()\r\n""}}]",10gd000000d9AmU2gaYa,2020-10-08 07:51:08,10gd000000d9AmU2gaYa,2020-10-08 07:51:08,NULL,NULL,false,10gd000000d9AmU2gaYa,NULL,true,0
003h000000dtYTQliVrV,button_21_click,003g000000dt71nv93bM,"[{""type"":""$core.execJSCode"",""options"":{""content"":""$model.ref(\""showModal\"").setData(false);\r\n// 重置字段取值\r\ncontext.$component.get(\""Detail\"").resetFields();""},""__nodeName"":""自定义JS代码""}]",10gd000000d9AmU2gaYa,2020-10-08 07:51:08,10gd000000d9AmU2gaYa,2020-10-08 07:51:08,NULL,NULL,false,10gd000000d9AmU2gaYa,NULL,true,0
003h000000dtYTQliVrW,button_22_click,003g000000dt71nv93bM,"[{""type"":""$core.execJSCode"",""options"":{""content"":""context.$component.get(\""Detail\"").formValidate().then(function (valid) {\r\n    // 当前组件\r\n    let table = context.$page.getComponentByName(\""Records\"");\r\n\r\n    $model.ref(\""Detail\"").save().then(data=>{\r\n        // 成功消息\r\n        if(data.resCode == 0){\r\n            context.$message.success('Save Successfully.');\r\n            table.doQuery();\r\n            // 关闭弹框\r\n            $model.ref(\""showModal\"").setData(false);\r\n            // 重置字段取值\r\n            context.$component.get(\""Detail\"").resetFields();\r\n        }\r\n        else {\r\n            context.$message.error('Save Failed:' + data.resMsg, 5)\r\n        }\r\n    }).catch(e=>{\r\n        // 失败消息\r\n        context.$message.error('Save Failed:' + e, 5)\r\n    });\r\n});""},""__nodeName"":""自定义JS代码""}]",10gd000000d9AmU2gaYa,2020-10-08 07:51:08,10gd000000d9AmU2gaYa,2020-10-08 07:51:08,NULL,NULL,false,10gd000000d9AmU2gaYa,NULL,true,0
003h000000dtYTQliVrX,button_23_click,003g000000dt71nv93bM,"[{""type"":""$core.execJSCode"",""options"":{""content"":""context.$component.get(\""Detail\"").formValidate().then(function (valid) {\r\n    // 当前组件\r\n    let table = context.$page.getComponentByName(\""Records\"");\r\n\r\n    $model.ref(\""Detail\"").save().then(data=>{\r\n        // 成功消息\r\n        if(data.resCode == 0){\r\n            table.doQuery();\r\n            // 关闭弹框\r\n            $model.ref(\""showModal\"").setData(false);\r\n            // 重置字段取值\r\n            setTimeout(function () {\r\n                context.$component.get(\""Detail\"").resetFields();\r\n            });\r\n            // 提交审批\r\n            context.$approval(data.result[0].id).then(res=>{\r\n                if(res.resCode == 0) {\r\n                    context.$message.success('Save Successfully.');\r\n                }\r\n                else if(res.resCode == \""405230808\"") {\r\n                $model.ref(\""showUserModal\"").setData(true);\r\n                $model.ref(\""recordId\"").setData(data.result[0].id);\r\n                }\r\n                else{\r\n                    context.$message.error('Submit Approval Failed:' + res.resMsg, 5)\r\n                }\r\n            })\r\n        }\r\n        else {\r\n            context.$message.error('Save Failed:' + data.resMsg, 5)\r\n        }\r\n    }).catch(e=>{\r\n        // 失败消息\r\n        context.$message.error('Save Failed:' + e, 5)\r\n    });\r\n});\r\n""},""__nodeName"":""自定义JS代码""}]",10gd000000d9AmU2gaYa,2020-10-08 07:51:08,10gd000000d9AmU2gaYa,2020-10-08 07:51:08,NULL,NULL,false,10gd000000d9AmU2gaYa,NULL,true,0
003h000000dtYTQliVrY,modal_1_on-ok,003g000000dt71nv93bM,"[{""type"":""$core.execJSCode"",""options"":{""content"":"" context.$approval($model.ref(\""recordId\"").getData(),$model.ref(\""approvalUser\"").getData()).then(res=>{\r\n    if(res.resCode == 0) {\r\n        context.$message.success('Save Successfully.');\r\n    }\r\n    else if(res.resCode == \""405230808\"") {\r\n        $model.ref(\""showUserModal\"").setData(true);\r\n    }\r\n    else{\r\n        context.$message.error('Submit Approval Failed:' + res.resMsg, 5)\r\n    }\r\n})""}}]",10gd000000d9AmU2gaYa,2020-10-08 07:51:08,10gd000000d9AmU2gaYa,2020-10-08 07:51:08,NULL,NULL,false,10gd000000d9AmU2gaYa,NULL,true,0
003h000000dtYTQliVrZ,modal_0_on-ok,003g000000dt71nv93bM,"[{""type"":""$core.execJSCode"",""options"":{""content"":""// 当前组件\r\nlet table = context.$page.getComponentByName(\""Records\"");\r\n\r\n// 根据组件名称获取组件\r\nlet form = this.$component.get(\""Detail\"");\r\n\r\n// 获取组件的绑定模型，调用save action保存数据\r\nform.getDataModel().save().then(data=>{\r\n    // 成功消息\r\n    if(data.resCode == 0){\r\n        context.$message.success('Save Successfully.');\r\n        // 刷新表格\r\n        table.doQuery();\r\n    }\r\n    else {\r\n        context.$message.error('Save Failed:' + data.resMsg, 5)\r\n    }\r\n}).catch(e=>{\r\n    // 失败消息\r\n    context.$message.error('Save Failed:' + e, 5)\r\n});\r\n\r\n""},""__nodeName"":""自定义JS代码""}]",10gd000000d9AmU2gaYa,2020-10-08 07:51:08,10gd000000d9AmU2gaYa,2020-10-08 07:51:08,NULL,NULL,false,10gd000000d9AmU2gaYa,NULL,true,0
003h000000dtYTQliVra,button_0_click,003g000000dt71nv93bM,"[{""type"":""$core.execJSCode"",""options"":{""content"":""$model.ref(\""Detail\"").setData({});\r\n\r\n// 展示新增按钮\r\n$model.ref(\""hideSaveNewBtn\"").setData(false);\r\n\r\n// 判断是否显示审批提交按钮\r\ncontext.$object(\""Detail\"").then(objectMeta =>{\r\n    if(objectMeta && objectMeta.aprovalProcesses &&  objectMeta.aprovalProcesses.length > 0) {\r\n        $model.ref(\""hideApprovalBtn\"").setData(false);\r\n    }\r\n    else {\r\n        $model.ref(\""hideApprovalBtn\"").setData(true);\r\n    }\r\n    \r\n    // 显示新增弹框\r\n    $model.ref(\""showModal\"").setData(true);\r\n});""}}]",10gd000000d9AmU2gaYa,2020-10-08 07:51:08,10gd000000d9AmU2gaYa,2020-10-08 07:51:08,NULL,NULL,false,10gd000000d9AmU2gaYa,NULL,true,0
003h000000dtYTQliVrb,button_15_click,003g000000dt71nv93bM,"[{""type"":""$core.execJSCode"",""options"":{""content"":""// 当前组件\r\nlet _component = context.getCurrentComponent()\r\n\r\n// 当前Form\r\nlet  _form = _component.getForm()\r\n\r\n_form.formSave()\r\n""}}]",10gd000000d9AmU2gaYa,2020-10-08 07:51:08,10gd000000d9AmU2gaYa,2020-10-08 07:51:08,NULL,NULL,false,10gd000000d9AmU2gaYa,NULL,true,0
003h000000dtYTQliVrc,button_24_click,003g000000dt71nv93bM,"[{""type"":""$core.execJSCode"",""options"":{""content"":""context.$component.get(\""Detail\"").formValidate().then(function (valid) {\r\n    // 当前组件\r\n    let table = context.$page.getComponentByName(\""Records\"");\r\n\r\n    $model.ref(\""Detail\"").save().then(data=>{\r\n        // 成功消息\r\n        if(data.resCode == 0){\r\n            context.$message.success('Save Successfully.');\r\n            table.doQuery();\r\n            // 清空表单\r\n            $model.ref(\""Detail\"").setData({});\r\n            // 重置字段取值\r\n            setTimeout(function () {\r\n                context.$component.get(\""Detail\"").resetFields();\r\n            });\r\n        }\r\n        else {\r\n            context.$message.error('Save Failed:' + data.resMsg, 5)\r\n        }\r\n    }).catch(e=>{\r\n        // 失败消息\r\n        context.$message.error('Save Failed:' + e, 5)\r\n    });\r\n});""},""__nodeName"":""自定义JS代码""}]",10gd000000d9AmU2gaYa,2020-10-08 07:51:08,10gd000000d9AmU2gaYa,2020-10-08 07:51:08,NULL,NULL,false,10gd000000d9AmU2gaYa,NULL,true,0
003h000000dtYTQliVrd,modal_on-cancel_1545208415426026,003g000000dt71nv93bM,"[{""type"":""$core.execJSCode"",""options"":{""content"":""// 重置字段取值\r\ncontext.$component.get(\""Detail\"").resetFields();""},""__nodeName"":""自定义JS代码""}]",10gd000000d9AmU2gaYa,2020-10-08 07:51:08,10gd000000d9AmU2gaYa,2020-10-08 07:51:08,NULL,NULL,false,10gd000000d9AmU2gaYa,NULL,true,0
003h000000du860W1Mbw,butto_click_1602171460356002,003g000000dtkpIBgy4u,"[{""type"":""$core.execJSCode"",""options"":{""content"":""// var a = 1;\n// console.log('test', a);\n\n// 成功消息\ncontext.$message.success('Successfully');\n\n// 失败消息\ncontext.$message.error('Failed');\n""},""key"":""1602173355773"",""__handlerName"":""javaScriptCodeHandler"",""__nodeName"":""自定义JS代码""}]",10gd000000doaHKUldLc,2020-10-08 16:09:37,10gd000000doaHKUldLc,2020-10-08 16:09:37,NULL,NULL,false,10gd000000doaHKUldLc,NULL,true,0
003h000000du860W1Mbx,butto_click_1602172750220001,003g000000dtkpIBgy4u,"[{""type"":""$core.execJSCode"",""options"":{""content"":""// var a = 1;\n// console.log('test', a);\n// open in new tab \ncontext.$page.openStdPage('test1xjl__CALLadminister')""},""key"":""1602173053577"",""__handlerName"":""javaScriptCodeHandler"",""__nodeName"":""自定义JS代码""}]",10gd000000doaHKUldLc,2020-10-08 16:09:37,10gd000000doaHKUldLc,2020-10-08 16:09:37,NULL,NULL,false,10gd000000doaHKUldLc,NULL,true,0
003h000000dvcikwH6hc,button_0_click,003g000000dvcJWJIxBA,"[{""type"":""$core.execJSCode"",""options"":{""content"":""// 当前组件\r\nlet _component = context.getCurrentComponent()\r\n\r\n// 当前Form\r\nlet  _form = _component.getForm()\r\n\r\n_form.formSave()\r\n""}}]",10gd000000d9AmU2gaYa,2020-10-09 13:45:47,10gd000000d9AmU2gaYa,2020-10-09 13:45:47,NULL,NULL,false,10gd000000d9AmU2gaYa,NULL,true,0
003h000000dvcikwH6hd,button_1_click,003g000000dvcJWJIxBA,"[{""type"":""$core.execJSCode"",""options"":{""content"":""// 当前组件\r\nlet _component = context.getCurrentComponent()\r\n\r\n// 当前Form\r\nlet  _form = _component.getForm()\r\n\r\n_form.resetFields()\r\n""}}]",10gd000000d9AmU2gaYa,2020-10-09 13:45:47,10gd000000d9AmU2gaYa,2020-10-09 13:45:47,NULL,NULL,false,10gd000000d9AmU2gaYa,NULL,true,0
003h000000dvcimNyLo0,button_16_click,003g000000dvcJXjrnlI,"[{""type"":""$core.execJSCode"",""options"":{""content"":""// 当前组件\r\nlet _component = context.getCurrentComponent()\r\n\r\n// 当前Form\r\nlet  _form = _component.getForm()\r\n\r\n_form.resetFields()\r\n""}}]",10gd000000d9AmU2gaYa,2020-10-09 13:45:47,10gd000000d9AmU2gaYa,2020-10-09 13:45:47,NULL,NULL,false,10gd000000d9AmU2gaYa,NULL,true,0
003h000000dvcimNyLo1,button_21_click,003g000000dvcJXjrnlI,"[{""type"":""$core.execJSCode"",""options"":{""content"":""$model.ref(\""showModal\"").setData(false);\r\n// 重置字段取值\r\ncontext.$component.get(\""Detail\"").resetFields();""},""__nodeName"":""自定义JS代码""}]",10gd000000d9AmU2gaYa,2020-10-09 13:45:47,10gd000000d9AmU2gaYa,2020-10-09 13:45:47,NULL,NULL,false,10gd000000d9AmU2gaYa,NULL,true,0
003h000000dvcimNyLo2,button_22_click,003g000000dvcJXjrnlI,"[{""type"":""$core.execJSCode"",""options"":{""content"":""context.$component.get(\""Detail\"").formValidate().then(function (valid) {\r\n    // 当前组件\r\n    let table = context.$page.getComponentByName(\""Records\"");\r\n\r\n    $model.ref(\""Detail\"").save().then(data=>{\r\n        // 成功消息\r\n        if(data.resCode == 0){\r\n            context.$message.success('Save Successfully.');\r\n            table.doQuery();\r\n            // 关闭弹框\r\n            $model.ref(\""showModal\"").setData(false);\r\n            // 重置字段取值\r\n            context.$component.get(\""Detail\"").resetFields();\r\n        }\r\n        else {\r\n            context.$message.error('Save Failed:' + data.resMsg, 5)\r\n        }\r\n    }).catch(e=>{\r\n        // 失败消息\r\n        context.$message.error('Save Failed:' + e, 5)\r\n    });\r\n});""},""__nodeName"":""自定义JS代码""}]",10gd000000d9AmU2gaYa,2020-10-09 13:45:47,10gd000000d9AmU2gaYa,2020-10-09 13:45:47,NULL,NULL,false,10gd000000d9AmU2gaYa,NULL,true,0
003h000000dvcimNyLo3,button_23_click,003g000000dvcJXjrnlI,"[{""type"":""$core.execJSCode"",""options"":{""content"":""context.$component.get(\""Detail\"").formValidate().then(function (valid) {\r\n    // 当前组件\r\n    let table = context.$page.getComponentByName(\""Records\"");\r\n\r\n    $model.ref(\""Detail\"").save().then(data=>{\r\n        // 成功消息\r\n        if(data.resCode == 0){\r\n            table.doQuery();\r\n            // 关闭弹框\r\n            $model.ref(\""showModal\"").setData(false);\r\n            // 重置字段取值\r\n            setTimeout(function () {\r\n                context.$component.get(\""Detail\"").resetFields();\r\n            });\r\n            // 提交审批\r\n            context.$approval(data.result[0].id).then(res=>{\r\n                if(res.resCode == 0) {\r\n                    context.$message.success('Save Successfully.');\r\n                }\r\n                else if(res.resCode == \""405230808\"") {\r\n                $model.ref(\""showUserModal\"").setData(true);\r\n                $model.ref(\""recordId\"").setData(data.result[0].id);\r\n                }\r\n                else{\r\n                    context.$message.error('Submit Approval Failed:' + res.resMsg, 5)\r\n                }\r\n            })\r\n        }\r\n        else {\r\n            context.$message.error('Save Failed:' + data.resMsg, 5)\r\n        }\r\n    }).catch(e=>{\r\n        // 失败消息\r\n        context.$message.error('Save Failed:' + e, 5)\r\n    });\r\n});\r\n""},""__nodeName"":""自定义JS代码""}]",10gd000000d9AmU2gaYa,2020-10-09 13:45:47,10gd000000d9AmU2gaYa,2020-10-09 13:45:47,NULL,NULL,false,10gd000000d9AmU2gaYa,NULL,true,0
003h000000dvcimNyLo4,modal_1_on-ok,003g000000dvcJXjrnlI,"[{""type"":""$core.execJSCode"",""options"":{""content"":"" context.$approval($model.ref(\""recordId\"").getData(),$model.ref(\""approvalUser\"").getData()).then(res=>{\r\n    if(res.resCode == 0) {\r\n        context.$message.success('Save Successfully.');\r\n    }\r\n    else if(res.resCode == \""405230808\"") {\r\n        $model.ref(\""showUserModal\"").setData(true);\r\n    }\r\n    else{\r\n        context.$message.error('Submit Approval Failed:' + res.resMsg, 5)\r\n    }\r\n})""}}]",10gd000000d9AmU2gaYa,2020-10-09 13:45:47,10gd000000d9AmU2gaYa,2020-10-09 13:45:47,NULL,NULL,false,10gd000000d9AmU2gaYa,NULL,true,0
003h000000dvcimNyLo5,modal_0_on-ok,003g000000dvcJXjrnlI,"[{""type"":""$core.execJSCode"",""options"":{""content"":""// 当前组件\r\nlet table = context.$page.getComponentByName(\""Records\"");\r\n\r\n// 根据组件名称获取组件\r\nlet form = this.$component.get(\""Detail\"");\r\n\r\n// 获取组件的绑定模型，调用save action保存数据\r\nform.getDataModel().save().then(data=>{\r\n    // 成功消息\r\n    if(data.resCode == 0){\r\n        context.$message.success('Save Successfully.');\r\n        // 刷新表格\r\n        table.doQuery();\r\n    }\r\n    else {\r\n        context.$message.error('Save Failed:' + data.resMsg, 5)\r\n    }\r\n}).catch(e=>{\r\n    // 失败消息\r\n    context.$message.error('Save Failed:' + e, 5)\r\n});\r\n\r\n""},""__nodeName"":""自定义JS代码""}]",10gd000000d9AmU2gaYa,2020-10-09 13:45:47,10gd000000d9AmU2gaYa,2020-10-09 13:45:47,NULL,NULL,false,10gd000000d9AmU2gaYa,NULL,true,0
003h000000dvcimNyLo6,button_0_click,003g000000dvcJXjrnlI,"[{""type"":""$core.execJSCode"",""options"":{""content"":""$model.ref(\""Detail\"").setData({});\r\n\r\n// 展示新增按钮\r\n$model.ref(\""hideSaveNewBtn\"").setData(false);\r\n\r\n// 判断是否显示审批提交按钮\r\ncontext.$object(\""Detail\"").then(objectMeta =>{\r\n    if(objectMeta && objectMeta.aprovalProcesses &&  objectMeta.aprovalProcesses.length > 0) {\r\n        $model.ref(\""hideApprovalBtn\"").setData(false);\r\n    }\r\n    else {\r\n        $model.ref(\""hideApprovalBtn\"").setData(true);\r\n    }\r\n    \r\n    // 显示新增弹框\r\n    $model.ref(\""showModal\"").setData(true);\r\n});""}}]",10gd000000d9AmU2gaYa,2020-10-09 13:45:47,10gd000000d9AmU2gaYa,2020-10-09 13:45:47,NULL,NULL,false,10gd000000d9AmU2gaYa,NULL,true,0
003h000000dvcimNyLo7,button_15_click,003g000000dvcJXjrnlI,"[{""type"":""$core.execJSCode"",""options"":{""content"":""// 当前组件\r\nlet _component = context.getCurrentComponent()\r\n\r\n// 当前Form\r\nlet  _form = _component.getForm()\r\n\r\n_form.formSave()\r\n""}}]",10gd000000d9AmU2gaYa,2020-10-09 13:45:47,10gd000000d9AmU2gaYa,2020-10-09 13:45:47,NULL,NULL,false,10gd000000d9AmU2gaYa,NULL,true,0
003h000000dvcimNyLo8,button_24_click,003g000000dvcJXjrnlI,"[{""type"":""$core.execJSCode"",""options"":{""content"":""context.$component.get(\""Detail\"").formValidate().then(function (valid) {\r\n    // 当前组件\r\n    let table = context.$page.getComponentByName(\""Records\"");\r\n\r\n    $model.ref(\""Detail\"").save().then(data=>{\r\n        // 成功消息\r\n        if(data.resCode == 0){\r\n            context.$message.success('Save Successfully.');\r\n            table.doQuery();\r\n            // 清空表单\r\n            $model.ref(\""Detail\"").setData({});\r\n            // 重置字段取值\r\n            setTimeout(function () {\r\n                context.$component.get(\""Detail\"").resetFields();\r\n            });\r\n        }\r\n        else {\r\n            context.$message.error('Save Failed:' + data.resMsg, 5)\r\n        }\r\n    }).catch(e=>{\r\n        // 失败消息\r\n        context.$message.error('Save Failed:' + e, 5)\r\n    });\r\n});""},""__nodeName"":""自定义JS代码""}]",10gd000000d9AmU2gaYa,2020-10-09 13:45:47,10gd000000d9AmU2gaYa,2020-10-09 13:45:47,NULL,NULL,false,10gd000000d9AmU2gaYa,NULL,true,0
003h000000dvcimNyLo9,modal_on-cancel_1545208415426026,003g000000dvcJXjrnlI,"[{""type"":""$core.execJSCode"",""options"":{""content"":""// 重置字段取值\r\ncontext.$component.get(\""Detail\"").resetFields();""},""__nodeName"":""自定义JS代码""}]",10gd000000d9AmU2gaYa,2020-10-09 13:45:47,10gd000000d9AmU2gaYa,2020-10-09 13:45:47,NULL,NULL,false,10gd000000d9AmU2gaYa,NULL,true,0
003h000000dy2u7pDalc,butto_click_1602376158193007,003g000000dy15EAOl5k,"[{""type"":""$ui.openPage"",""options"":{""target"":{""pageType"":""uiName"",""value"":""test1xjl__search"",""openMethod"":""currentPage""},""params"":[]},""key"":""1602376857929"",""__handlerName"":""openPageHandler"",""__nodeName"":""打开页面""}]",10gd000000dTVgIjsWJ6,2020-10-11 00:47:24,10gd000000dTVgIjsWJ6,2020-10-11 00:47:24,NULL,NULL,false,10gd000000dTVgIjsWJ6,NULL,true,0
